{
  "timestamp": "2026-06-11T04:11:43.346741",
  "systems": [
    {
      "name": "通用基线型",
      "description": "在所有市场体制下表现均衡的通用参数",
      "applicable_regimes": [
        "BULL",
        "BEAR",
        "SIDEWAYS",
        "CRASH",
        "RECOVERY"
      ],
      "params": {
        "atr_period": 12,
        "bb_period": 18,
        "bb_std": 3.4625793946478236,
        "buy_threshold": 1.474922961766594,
        "kdj_n": 20,
        "macd_fast": 20,
        "macd_signal": 13,
        "macd_slow": 40,
        "ma_fast": 27,
        "ma_mid": 37,
        "ma_slow": 119,
        "position_size_pct": 0.9190051395415372,
        "rsi_overbought": 64.14990160312927,
        "rsi_oversold": 15.0,
        "rsi_period": 21,
        "score_buy_threshold": 57.52135367424358,
        "score_sell_threshold": 47.528806123597974,
        "sell_threshold": 5.88530421687886,
        "stop_loss_pct": 0.09982102871188299,
        "take_profit_pct": 0.4517633787254507,
        "trailing_stop_pct": 0.1,
        "w_momentum": 34.891784271667895,
        "w_performance": 18.00593545823474,
        "w_risk": 16.669774773443145,
        "w_trend": 30.432505496654212
      },
      "fitness_scores": {
        "GLOBAL": 0.1775543325004389
      },
      "confidence": 0.7,
      "median_return": -2.873814942043018,
      "win_rate_above_10pct": 0.18445807770961145,
      "median_sharpe": -0.6676283505351162,
      "median_max_drawdown": 7.704816430567613,
      "median_holding_days": 13.873895705521473,
      "num_trades": 3.067075664621677,
      "sample_count": 2445,
      "regime": "GLOBAL",
      "convergence_gen": 16,
      "total_time_sec": 45280.55332303047
    },
    {
      "name": "震荡专用型",
      "description": "专为震荡市场体制优化的参数",
      "applicable_regimes": [
        "SIDEWAYS"
      ],
      "params": {
        "atr_period": 26,
        "bb_period": 39,
        "bb_std": 3.3155160430615433,
        "buy_threshold": 1.44645476420748,
        "kdj_n": 6,
        "macd_fast": 14,
        "macd_signal": 15,
        "macd_slow": 26,
        "ma_fast": 3,
        "ma_mid": 29,
        "ma_slow": 111,
        "position_size_pct": 1.0,
        "rsi_overbought": 78.82596839599408,
        "rsi_oversold": 38.1650772296441,
        "rsi_period": 5,
        "score_buy_threshold": 46.04534124951512,
        "score_sell_threshold": 23.43851278424932,
        "sell_threshold": 2.7546382882896854,
        "stop_loss_pct": 0.15,
        "take_profit_pct": 0.11572693018539258,
        "trailing_stop_pct": 0.08318278368777843,
        "w_momentum": 14.17706966211709,
        "w_performance": 32.61875039903735,
        "w_risk": 6.157314833184114,
        "w_trend": 47.046865105661446
      },
      "fitness_scores": {
        "SIDEWAYS": 0.2392539113386487
      },
      "confidence": 0.2871046936063784,
      "median_return": -4.171967157844259,
      "win_rate_above_10pct": 0.2857142857142857,
      "median_sharpe": 0.0,
      "median_max_drawdown": 4.171967157844259,
      "median_holding_days": 7.349613010501408,
      "num_trades": 22.80952380952381,
      "sample_count": 21,
      "regime": "SIDEWAYS",
      "convergence_gen": 14,
      "total_time_sec": 1116.825079202652
    },
    {
      "name": "暴跌专用型",
      "description": "专为暴跌市场体制优化的参数",
      "applicable_regimes": [
        "CRASH"
      ],
      "params": {
        "atr_period": 24,
        "bb_period": 28,
        "bb_std": 2.2604138672228204,
        "buy_threshold": 1.816734339268275,
        "kdj_n": 13,
        "macd_fast": 19,
        "macd_signal": 5,
        "macd_slow": 24,
        "ma_fast": 15,
        "ma_mid": 48,
        "ma_slow": 110,
        "position_size_pct": 0.8308391061818322,
        "rsi_overbought": 68.97677312857896,
        "rsi_oversold": 30.55997992763697,
        "rsi_period": 21,
        "score_buy_threshold": 41.53489035804914,
        "score_sell_threshold": 21.67476744756935,
        "sell_threshold": 5.405171922200224,
        "stop_loss_pct": 0.11635528145727334,
        "take_profit_pct": 0.23582094431585193,
        "trailing_stop_pct": 0.0616835738373519,
        "w_momentum": 25.63437732864577,
        "w_performance": 38.47785294927899,
        "w_risk": 28.452373934861917,
        "w_trend": 42.853731913409504
      },
      "fitness_scores": {
        "CRASH": 0.0
      },
      "confidence": 0.0,
      "median_return": 0,
      "win_rate_above_10pct": 0,
      "median_sharpe": 0,
      "median_max_drawdown": 0,
      "median_holding_days": 0,
      "num_trades": 0,
      "sample_count": 0,
      "regime": "CRASH",
      "convergence_gen": 0,
      "total_time_sec": 239.19495487213135
    },
    {
      "name": "反弹专用型",
      "description": "专为反弹市场体制优化的参数",
      "applicable_regimes": [
        "RECOVERY"
      ],
      "params": {
        "atr_period": 23,
        "bb_period": 34,
        "bb_std": 2.949177611339878,
        "buy_threshold": 1.3441052709232602,
        "kdj_n": 8,
        "macd_fast": 16,
        "macd_signal": 6,
        "macd_slow": 39,
        "ma_fast": 15,
        "ma_mid": 31,
        "ma_slow": 31,
        "position_size_pct": 0.5833508700538569,
        "rsi_overbought": 67.99841310226962,
        "rsi_oversold": 32.472390075783366,
        "rsi_period": 7,
        "score_buy_threshold": 46.71705875015624,
        "score_sell_threshold": 45.0787466121793,
        "sell_threshold": 1.942341807011899,
        "stop_loss_pct": 0.10594134019614482,
        "take_profit_pct": 0.2356457813528039,
        "trailing_stop_pct": 0.0462042018241858,
        "w_momentum": 24.500383457149294,
        "w_performance": 20.78388259655273,
        "w_risk": 23.895003336378597,
        "w_trend": 31.992519534036937
      },
      "fitness_scores": {
        "RECOVERY": 0.0
      },
      "confidence": 0.0,
      "median_return": 0,
      "win_rate_above_10pct": 0,
      "median_sharpe": 0,
      "median_max_drawdown": 0,
      "median_holding_days": 0,
      "num_trades": 0,
      "sample_count": 0,
      "regime": "RECOVERY",
      "convergence_gen": 0,
      "total_time_sec": 121.27169013023376
    },
    {
      "name": "牛市专用型",
      "description": "专为牛市市场体制优化的参数",
      "applicable_regimes": [
        "BULL"
      ],
      "params": {
        "atr_period": 9,
        "bb_period": 11,
        "bb_std": 1.092837489637191,
        "buy_threshold": 1.0,
        "kdj_n": 13,
        "macd_fast": 9,
        "macd_signal": 13,
        "macd_slow": 24,
        "ma_fast": 22,
        "ma_mid": 34,
        "ma_slow": 66,
        "position_size_pct": 0.5751757689562312,
        "rsi_overbought": 85.0,
        "rsi_oversold": 33.29877296226626,
        "rsi_period": 16,
        "score_buy_threshold": 78.48123283392202,
        "score_sell_threshold": 34.70012111632572,
        "sell_threshold": 1.1389843278786296,
        "stop_loss_pct": 0.11791819254446115,
        "take_profit_pct": 0.48158929715636734,
        "trailing_stop_pct": 0.1,
        "w_momentum": 21.766639373293533,
        "w_performance": 35.549199053097645,
        "w_risk": 12.141613945469242,
        "w_trend": 30.542547628139577
      },
      "fitness_scores": {
        "BULL": 0.16381449513160767
      },
      "confidence": 0.19657739415792921,
      "median_return": -0.44738578540901575,
      "win_rate_above_10pct": 0.06451612903225806,
      "median_sharpe": -0.03,
      "median_max_drawdown": 0.44738578540903795,
      "median_holding_days": 1.7563748079877113,
      "num_trades": 2.838709677419355,
      "sample_count": 31,
      "regime": "BULL",
      "convergence_gen": 9,
      "total_time_sec": 1224.734820842743
    },
    {
      "name": "熊市专用型",
      "description": "专为熊市市场体制优化的参数",
      "applicable_regimes": [
        "BEAR"
      ],
      "params": {
        "atr_period": 23,
        "bb_period": 11,
        "bb_std": 2.1870537981719047,
        "buy_threshold": 4.320591736158887,
        "kdj_n": 16,
        "macd_fast": 13,
        "macd_signal": 8,
        "macd_slow": 27,